CustomerID,InternalObligorID,OriginalInternalObligorID,ObligorName,City,Country,ZipCodeForeignMailingCode,IndustryCode,IndustryCodeType,InternalRating,TIN,StockExchange,TKR,CUSIP,InternalCreditFacilityID,OriginalInternalCreditFacilityID,OriginationDate,MaturityDate,FacilityType,OtherFacilityType,CreditFacilityPurpose,OtherFacilityPurpose,CommittedExposure,UtilizedExposure,LineReportedOnFRY9C,LineOfBusiness,CumulativeChargeoffs,ASC310-10
CUST001,OBL001,OBL001,"Herring, Ford and Montgomery",South Julietown,US,95004,722511,3,B-,593-53-7069,NA,NA,NA,FCL001,FCL001,07-07-2022,12-01-2035,14,,9,,7182625,2462233,4,Facilitate E-Business Relationships,302603,60520
CUST002,OBL002,OBL002,Lewis and Sons,Rachelmouth,US,27002,325411,3,BBB-,874-28-1764,LSE,eFs,362934,FCL002,FCL002,14-10-2021,16-03-2030,14,,25,,6549428,3874696,3,Implement Magnetic Partnerships,203179,40635
CUST003,OBL003,OBL003,"Jimenez, Martinez and Bonilla",Lake Evelynland,US,32671,518210,2,BBB-,625-39-4504,NYSE,VVC,214041,FCL003,FCL003,30-09-2016,28-06-2030,99,,14,,48195303,32219538,3,Aggregate Leading-Edge Partnerships,387328,77465
CUST004,OBL004,OBL004,"Ramirez, Gonzales and Garza",New Caitlin,US,11731,325411,3,D,561-06-8766,LSE,PUR,749540,FCL004,FCL004,02-01-2023,17-07-2032,5,,11,,53577701,31118951,5,Architect Clicks-And-Mortar Vortals,455926,91185
CUST005,OBL005,OBL005,Individual,East Taylorton,US,08657,111130,1,AA,NA,NA,NA,NA,FCL005,FCL005,12-08-2017,02-07-2027,1,,14,,30575247,19925353,3,Leverage Bricks-And-Clicks Deliverables,109420,21884
CUST006,OBL006,OBL006,Nguyen-Coleman,South Ronald,US,05670,331210,1,B-,083-40-7113,LSE,gPg,748629,FCL006,FCL006,13-09-2018,10-11-2033,5,,10,,54439968,24155429,4,Disintermediate Turn-Key Eyeballs,44095,8819
CUST007,OBL007,OBL007,Individual,Port Ashley,US,56516,722511,1,BB,NA,NA,NA,NA,FCL007,FCL007,26-10-2017,06-05-2033,1,,7,,18239492,6216183,3,Syndicate Cutting-Edge Channels,20133,4026
CUST008,OBL008,OBL008,Individual,Mendozaton,US,17073,221119,2,B-,NA,NA,NA,NA,FCL008,FCL008,23-06-2020,26-05-2031,14,,10,,40283826,15295304,3,Seize Best-Of-Breed Users,163663,32732
CUST009,OBL009,OBL009,Individual,Heatherview,US,48863,624120,3,BB,NA,NA,NA,NA,FCL009,FCL009,03-03-2021,31-03-2033,14,,10,,29776269,20113694,4,Matrix Clicks-And-Mortar Synergies,82489,16497
CUST010,OBL010,OBL010,Williams LLC,North Susan,US,72867,221310,2,AAA,350-71-1271,NYSE,DZA,981295,FCL010,FCL010,14-04-2016,30-09-2032,99,,7,,21306312,9333520,4,Re-Contextualize E-Business Models,311028,62205
CUST011,OBL011,OBL011,Long-Lopez,Singletonchester,US,19717,221310,3,BBB-,317-43-5194,NYSE,zLj,916286,FCL011,FCL011,20-05-2023,24-11-2034,14,,11,,30938279,9732231,5,Engineer User-Centric Metrics,397367,79473
CUST012,OBL012,OBL012,Individual,South Williamland,US,04576,551112,3,B-,NA,NA,NA,NA,FCL012,FCL012,08-01-2022,01-09-2026,99,,9,,36172219,16529971,3,Enhance Viral Action-Items,20289,4057
CUST013,OBL013,OBL013,Dyer Inc,Nathanielmouth,US,70894,488510,2,BBB,023-37-9625,NASDAQ,ZYj,301179,FCL013,FCL013,20-05-2020,12-03-2035,5,,9,,4091736,2265448,4,Aggregate Global Supply-Chains,142037,28407
CUST014,OBL014,OBL014,Davis Ltd,Donnaton,US,75462,624120,1,D,420-19-0560,NYSE,IRr,372754,FCL014,FCL014,09-02-2017,03-07-2031,1,,10,,13838947,7085000,3,Re-Intermediate World-Class Schemas,409606,81921
CUST015,OBL015,OBL015,Individual,Joshuaport,US,74387,551112,2,AAA,NA,NA,NA,NA,FCL015,FCL015,01-08-2023,06-10-2025,14,,14,,30197412,11443215,5,Synergize Customized Bandwidth,291528,58305
CUST016,OBL016,OBL016,"Soto, Wood and Clark",Florestown,US,72514,518210,1,C,189-07-5247,NASDAQ,hAk,759790,FCL016,FCL016,07-07-2022,17-11-2031,99,,14,,25106959,11033182,4,Engineer Impactful Web-Readiness,153593,30718
CUST017,OBL017,OBL017,"Moore, Foster and Parsons",Parkerborough,US,48083,551112,3,AAA,637-07-7170,LSE,SJs,584952,FCL017,FCL017,06-11-2023,10-01-2031,7,,7,,29374047,11458351,5,Streamline Visionary Action-Items,147290,29458
CUST018,OBL018,OBL018,"Anderson, Kaiser and Ward",New Ashley,US,23021,221119,2,D,175-88-7500,LSE,ZiQ,890934,FCL018,FCL018,06-08-2017,21-05-2032,12,,25,,42558753,18772639,4,Brand Turn-Key Web-Readiness,242043,48408
CUST019,OBL019,OBL019,Individual,South Michael,US,49097,331210,3,B-,NA,NA,NA,NA,FCL019,FCL019,19-07-2023,10-09-2033,99,,14,,32894866,14268078,5,Utilize Strategic E-Commerce,287133,57426
CUST020,OBL020,OBL020,Hart-Woodard,New Jennifer,US,64825,325411,3,BBB,778-44-5341,NYSE,nZq,330430,FCL020,FCL020,30-05-2018,06-02-2035,14,,7,,27397565,11001346,3,Synergize Impactful Methodologies,332376,66475
CUST021,OBL021,OBL021,Ross Ltd,Wongton,US,42067,221310,3,C,586-93-6367,NYSE,Foh,889700,FCL021,FCL021,26-11-2017,01-03-2033,14,,25,,54805833,32546140,3,Reinvent Distributed Experiences,437238,87447
CUST022,OBL022,OBL022,Reynolds-Jimenez,Tylerville,US,85552,722511,1,B-,478-23-0170,NA,NA,NA,FCL022,FCL022,31-03-2019,20-07-2034,7,,14,,28608636,17053237,5,Maximize Sticky Experiences,191689,38337
CUST023,OBL023,OBL023,Individual,Davidfurt,US,14920,624120,2,C,NA,NA,NA,NA,FCL023,FCL023,18-02-2018,24-04-2029,5,,7,,56952728,34505600,3,Target Cross-Platform Interfaces,247765,49553
CUST024,OBL024,OBL024,Hurst-Cain,Yolandatown,US,30136,518210,1,B-,865-15-0604,LSE,OyQ,965864,FCL024,FCL024,16-02-2022,20-06-2025,12,,9,,24697448,17011476,5,Extend Cross-Media Roi,295697,59139
CUST025,OBL025,OBL025,Maldonado-Cooper,New Dana,US,71754,111130,2,A,619-27-2752,NA,NA,NA,FCL025,FCL025,21-06-2019,31-07-2027,14,,25,,26607103,16147243,3,Matrix Magnetic Schemas,1228,245
CUST026,OBL026,OBL026,Mack Ltd,West Jennashire,US,68239,221119,1,AAA,036-56-7693,NASDAQ,kaO,747427,FCL026,FCL026,22-06-2016,25-07-2029,5,,14,,19150068,6295001,4,Whiteboard Bricks-And-Clicks Deliverables,364745,72949
CUST027,OBL027,OBL027,"Walls, Moreno and Porter",North Richard,US,76976,722511,3,D,597-67-2115,NASDAQ,gQD,945187,FCL027,FCL027,09-06-2016,19-02-2034,14,,11,,48532841,20437664,3,Syndicate Innovative Technologies,168545,33709
CUST028,OBL028,OBL028,Harris LLC,Lopezview,US,35431,518210,3,AA,178-75-4001,LSE,LDO,586045,FCL028,FCL028,03-01-2021,15-10-2032,1,,11,,17713815,10869689,3,Engineer 24/365 Solutions,447381,89476
CUST029,OBL029,OBL029,Martinez PLC,Bradleyside,US,67447,624120,3,AA,393-19-6604,LSE,bWD,859380,FCL029,FCL029,19-01-2019,18-07-2028,99,,14,,22130603,14348966,4,Reinvent Distributed Methodologies,176970,35394
CUST030,OBL030,OBL030,Martin and Sons,Port Jennifer,US,75955,331210,1,D,667-78-9654,NASDAQ,KzT,275857,FCL030,FCL030,21-05-2018,31-01-2033,7,,7,,43861629,22724180,4,Harness Global Communities,418402,83680
CUST031,OBL031,OBL031,Moon-Rodriguez,Port Penny,US,36057,221310,2,B-,304-78-0635,NASDAQ,TDu,428366,FCL031,FCL031,15-02-2020,26-02-2031,12,,9,,30376098,16408917,4,Whiteboard Magnetic Architectures,416328,83265
CUST032,OBL032,OBL032,Individual,South Samanthatown,US,49384,624120,1,C,NA,NA,NA,NA,FCL032,FCL032,31-12-2016,30-11-2032,7,,7,,40812314,19333153,4,Maximize Best-Of-Breed Eyeballs,168747,33749
CUST033,OBL033,OBL033,Individual,Adrianton,US,86981,488510,2,BB,NA,NA,NA,NA,FCL033,FCL033,30-09-2022,08-04-2026,1,,9,,43970315,23684128,4,Transform World-Class Interfaces,239326,47865
CUST034,OBL034,OBL034,"Smith, Hernandez and Mosley",East Kimberly,US,75872,488510,1,A,435-22-8125,NA,NA,NA,FCL034,FCL034,13-12-2021,27-10-2025,14,,11,,36665390,16587840,3,Synthesize Open-Source Supply-Chains,455797,91159
CUST035,OBL035,OBL035,"Harrell, Green and Osborne",South Amandaberg,US,03321,331210,3,BB,553-22-1624,NA,NA,NA,FCL035,FCL035,23-02-2022,22-09-2031,14,,11,,1214991,839136,4,Grow Open-Source Deliverables,236279,47255
CUST036,OBL036,OBL036,Individual,Heathborough,US,33015,518210,2,B-,NA,NA,NA,NA,FCL036,FCL036,16-07-2015,06-07-2027,7,,14,,24869695,12403616,3,Innovate Web-Enabled Experiences,424269,84853
CUST037,OBL037,OBL037,Individual,Owenborough,US,17033,518210,1,BBB-,NA,NA,NA,NA,FCL037,FCL037,06-06-2016,22-08-2029,7,,11,,58827254,30983710,5,Engineer Killer Action-Items,216521,43304
CUST038,OBL038,OBL038,Grimes-Roy,New Samanthabury,US,09459,624120,2,AAA,585-71-9800,NASDAQ,NFp,650288,FCL038,FCL038,06-08-2020,26-05-2031,1,,25,,55732476,34650970,3,Cultivate Bricks-And-Clicks Portals,483376,96675
CUST039,OBL039,OBL039,Individual,New Tamarachester,US,27400,551112,2,A,NA,NA,NA,NA,FCL039,FCL039,17-01-2017,03-03-2032,99,,10,,47895190,25457409,5,Monetize Bleeding-Edge Functionalities,310469,62093
CUST040,OBL040,OBL040,Haney-Wilson,New Diana,US,22999,722511,3,B-,141-60-8677,NYSE,BBE,714308,FCL040,FCL040,24-09-2016,01-11-2027,7,,11,,18957316,8447728,5,Generate Cutting-Edge Users,116178,23235
CUST041,OBL041,OBL041,Individual,Port Hollyburgh,US,58114,488510,2,AA,NA,NA,NA,NA,FCL041,FCL041,15-12-2020,18-10-2027,12,,14,,4530286,1713615,3,Unleash Global Architectures,60371,12074
CUST042,OBL042,OBL042,Robinson LLC,Guzmanbury,US,79621,624120,2,A,185-87-3223,NASDAQ,JEV,242507,FCL042,FCL042,13-10-2022,17-09-2033,7,,11,,10419585,3716557,3,Generate Holistic Initiatives,370110,74022
CUST043,OBL043,OBL043,Brown-King,Sarahside,US,64524,518210,1,A,762-04-8621,NYSE,FLa,148353,FCL043,FCL043,22-11-2018,03-08-2026,1,,25,,38585473,16727386,4,Enhance World-Class Platforms,360259,72051
CUST044,OBL044,OBL044,Robles PLC,West Zacharymouth,US,04261,221119,2,AA,176-11-1730,NASDAQ,bbs,426871,FCL044,FCL044,19-01-2021,24-05-2031,14,,9,,25463080,16740871,4,Enable Interactive Initiatives,177571,35514
CUST045,OBL045,OBL045,Individual,East Christina,US,40996,551112,2,AA,NA,NA,NA,NA,FCL045,FCL045,25-10-2016,28-03-2026,14,,10,,40312046,19097299,5,E-Enable Clicks-And-Mortar Communities,106547,21309
CUST046,OBL046,OBL046,"Wallace, Perry and Ramirez",Griffinmouth,US,75238,111130,2,C,715-44-2669,NYSE,BgN,310838,FCL046,FCL046,13-06-2020,09-08-2029,5,,9,,26078930,11149684,4,Re-Contextualize Collaborative Functionalities,264967,52993
CUST047,OBL047,OBL047,Individual,New Ashleybury,US,06913,488510,1,C,NA,NA,NA,NA,FCL047,FCL047,26-11-2016,19-07-2030,14,,9,,18538452,12160951,4,Re-Contextualize Web-Enabled Applications,40659,8131
CUST048,OBL048,OBL048,Individual,East Darren,US,65592,518210,2,B-,NA,NA,NA,NA,FCL048,FCL048,07-10-2015,20-10-2027,5,,9,,56646759,25500858,4,Harness Cross-Platform Mindshare,337618,67523
CUST049,OBL049,OBL049,Gonzalez Group,Dustinmouth,US,92999,488510,2,AAA,043-32-9112,NA,NA,NA,FCL049,FCL049,02-04-2020,14-02-2034,1,,7,,33746006,12524828,3,Evolve Global Roi,66345,13269
CUST050,OBL050,OBL050,"Miller, Alvarado and Parks",New Meredith,US,18486,331210,2,A,201-24-5945,LSE,qbH,586647,FCL050,FCL050,15-05-2019,01-12-2032,99,,14,,40673391,25487218,5,Reinvent Visionary Deliverables,246734,49346
CUST051,OBL051,OBL051,Individual,North Maryview,US,92985,551112,1,AA,NA,NA,NA,NA,FCL051,FCL051,03-05-2020,27-06-2026,5,,9,,41031959,20311793,5,Deploy Scalable Solutions,13504,2700
CUST052,OBL052,OBL052,Individual,Casefort,US,77705,518210,3,D,NA,NA,NA,NA,FCL052,FCL052,20-10-2021,09-04-2029,1,,25,,22626301,7710433,3,Redefine Holistic Deliverables,162174,32434
CUST053,OBL053,OBL053,Individual,South Jennifershire,US,20656,518210,2,A,NA,NA,NA,NA,FCL053,FCL053,18-11-2015,26-04-2026,7,,14,,37794473,13814859,4,Empower Dynamic Infrastructures,331087,66217
CUST054,OBL054,OBL054,Pope Inc,Younghaven,US,80800,325411,3,AA,314-71-3967,NA,NA,NA,FCL054,FCL054,29-02-2016,11-04-2028,14,,11,,32967433,15285029,3,Synthesize Revolutionary Schemas,426554,85310
CUST055,OBL055,OBL055,Bowman-Valdez,Callahanborough,US,15990,111130,3,B-,588-29-2677,NYSE,BMe,928629,FCL055,FCL055,05-01-2017,16-01-2029,5,,7,,43914490,29254384,4,Orchestrate Dot-Com Convergence,318127,63625
CUST056,OBL056,OBL056,Owens and Sons,Loriview,US,32424,624120,3,BB,656-86-7688,NASDAQ,Mcb,861173,FCL056,FCL056,27-10-2019,23-03-2031,7,,9,,11780852,5127651,4,Integrate Killer Roi,29443,5888
CUST057,OBL057,OBL057,"Castaneda, Brown and Reilly",Huynhborough,US,50731,624120,2,C,381-75-9273,NA,NA,NA,FCL057,FCL057,08-03-2022,12-09-2028,14,,11,,1047622,719403,3,Seize Turn-Key Channels,363535,72707
CUST058,OBL058,OBL058,Individual,New Paula,US,67633,331210,2,C,NA,NA,NA,NA,FCL058,FCL058,17-01-2017,11-12-2029,14,,10,,3964824,1219489,3,Strategize World-Class E-Business,127060,25412
CUST059,OBL059,OBL059,Long PLC,Sarahstad,US,80080,221310,1,BBB,469-78-4632,NYSE,azn,342102,FCL059,FCL059,28-03-2022,07-07-2034,12,,7,,14284113,9842317,4,Seize Magnetic Paradigms,245625,49125
CUST060,OBL060,OBL060,"Mcfarland, Allen and Chung",East Andreaside,US,47797,518210,3,B-,622-71-4533,NASDAQ,ARs,945999,FCL060,FCL060,01-05-2019,15-11-2031,1,,25,,7772159,2870463,5,E-Enable Plug-And-Play Interfaces,299762,59952
CUST061,OBL061,OBL061,Individual,Vanessaberg,US,48562,111130,2,B-,NA,NA,NA,NA,FCL061,FCL061,13-01-2020,02-10-2027,99,,25,,55497126,19601996,3,Engage Revolutionary Paradigms,169188,33837
CUST062,OBL062,OBL062,Individual,Lake Elizabethbury,US,54617,221310,1,B-,NA,NA,NA,NA,FCL062,FCL062,07-01-2018,02-10-2032,12,,9,,23208101,7191614,3,Integrate Killer Methodologies,33310,6662
CUST063,OBL063,OBL063,"Bailey, Clark and Davis",West Leon,US,11052,518210,2,BBB-,013-60-8048,LSE,gGd,207656,FCL063,FCL063,17-05-2018,31-07-2027,7,,9,,42734342,13939715,5,Brand Collaborative Technologies,13845,2769
CUST064,OBL064,OBL064,Individual,North Samuelmouth,US,08842,551112,3,BBB,NA,NA,NA,NA,FCL064,FCL064,12-04-2017,09-01-2033,5,,7,,37158981,23115865,3,Utilize Viral Functionalities,402612,80522
CUST065,OBL065,OBL065,Individual,Lake Daniel,US,95313,331210,2,A,NA,NA,NA,NA,FCL065,FCL065,06-01-2018,30-03-2031,12,,10,,3890896,2062853,3,Mesh 24/7 Channels,89571,17914
CUST066,OBL066,OBL066,Individual,Grosshaven,US,64359,111130,2,AAA,NA,NA,NA,NA,FCL066,FCL066,31-01-2021,05-02-2034,7,,14,,19508540,9964746,4,Incubate Visionary Communities,249620,49924
CUST067,OBL067,OBL067,Collins-Davidson,Kellyton,US,75546,111130,2,BBB,553-51-2775,NYSE,Ncr,267788,FCL067,FCL067,11-11-2016,05-02-2026,12,,7,,53671235,29735591,4,Synergize Scalable Methodologies,159249,31849
CUST068,OBL068,OBL068,Wallace Ltd,Paulaville,US,17203,518210,1,C,170-26-5443,NYSE,ivj,526457,FCL068,FCL068,02-05-2021,15-08-2027,5,,10,,3718362,1477933,4,Utilize Dynamic Info-Mediaries,276499,55299
CUST069,OBL069,OBL069,Individual,New Christinachester,US,40364,551112,3,AA,NA,NA,NA,NA,FCL069,FCL069,03-10-2020,22-04-2030,14,,11,,46524597,31321283,3,Evolve Extensible Web-Readiness,60804,12160
CUST070,OBL070,OBL070,Madden PLC,Port Marilyn,US,90486,624120,2,B-,806-24-8186,LSE,fRP,236556,FCL070,FCL070,09-04-2020,28-12-2026,12,,11,,45833025,29188860,3,Synergize Compelling Web-Readiness,62778,12555
CUST071,OBL071,OBL071,Lane Ltd,East Laurashire,US,05874,722511,2,BBB-,632-11-1372,LSE,SEm,955391,FCL071,FCL071,23-03-2024,20-01-2026,99,,10,,1939070,1120716,3,Envisioneer Revolutionary Users,468227,93645
CUST072,OBL072,OBL072,Individual,Larrystad,US,57435,518210,2,B-,NA,NA,NA,NA,FCL072,FCL072,07-07-2016,26-12-2028,7,,25,,28799633,13959627,4,Integrate Frictionless Models,70893,14178
CUST073,OBL073,OBL073,"Aguirre, Obrien and Farley",Ruizfort,US,14342,722511,2,BBB,056-49-7614,NA,NA,NA,FCL073,FCL073,12-02-2021,30-04-2026,5,,11,,31562427,21948322,3,Revolutionize End-To-End Initiatives,369899,73979
CUST074,OBL074,OBL074,Payne-Potter,Port Shannonville,US,64469,488510,2,D,298-96-2757,NASDAQ,uXf,253782,FCL074,FCL074,24-12-2023,14-05-2031,99,,7,,19115784,8978894,5,Strategize Holistic Channels,269750,53950
CUST075,OBL075,OBL075,Individual,Michaelburgh,US,76143,518210,2,AAA,NA,NA,NA,NA,FCL075,FCL075,23-08-2018,25-04-2034,7,,7,,27232258,16404545,4,Transition Cutting-Edge Portals,232626,46525
CUST076,OBL076,OBL076,Johnson and Sons,Deantown,US,54633,551112,1,BBB-,748-85-3791,NASDAQ,IVy,404737,FCL076,FCL076,07-11-2022,07-12-2031,99,,11,,28532526,9493833,5,Unleash Bricks-And-Clicks Eyeballs,2311,462
CUST077,OBL077,OBL077,Johnson-Griffin,North Shelbyhaven,US,69671,624120,3,A,707-22-7557,NYSE,asY,963265,FCL077,FCL077,14-02-2023,17-09-2026,5,,25,,55980663,19146883,4,Synergize Efficient Users,183128,36625
CUST078,OBL078,OBL078,"Andrews, Cruz and Butler",New Kathy,US,39694,722511,2,BBB-,626-75-4210,NA,NA,NA,FCL078,FCL078,17-11-2016,23-04-2025,12,,25,,47497719,24189879,4,Integrate Global Markets,241704,48340
CUST079,OBL079,OBL079,Individual,Tabithaburgh,US,41491,551112,2,AA,NA,NA,NA,NA,FCL079,FCL079,15-04-2015,15-08-2027,14,,10,,57190875,37603229,5,Revolutionize Killer Infrastructures,307342,61468
CUST080,OBL080,OBL080,"Gutierrez, Diaz and Banks",North Emilybury,US,81886,221119,2,BBB-,761-13-6810,NASDAQ,JYf,192209,FCL080,FCL080,12-05-2022,06-08-2028,5,,7,,22509553,15110271,5,Cultivate Interactive Deliverables,113807,22761
CUST081,OBL081,OBL081,Moore and Sons,Laraborough,US,53686,331210,1,C,812-27-7998,NA,NA,NA,FCL081,FCL081,17-02-2023,28-03-2033,99,,14,,59821242,25802530,3,Unleash Turn-Key Action-Items,333647,66729
CUST082,OBL082,OBL082,"Barnes, Ortiz and Flowers",New Amber,US,21870,221310,3,BB,833-79-2901,NYSE,nyA,376498,FCL082,FCL082,17-04-2023,06-09-2033,99,,10,,10550757,5658856,4,Monetize Plug-And-Play Content,239954,47990
CUST083,OBL083,OBL083,Schmidt-Moran,Debraside,US,97055,221119,3,D,698-82-4036,NASDAQ,LlF,741861,FCL083,FCL083,03-04-2023,22-02-2027,12,,10,,27702829,18225252,3,Whiteboard Interactive Interfaces,221994,44398
CUST084,OBL084,OBL084,Mcgrath Ltd,Port Maureenfort,US,60085,722511,2,AAA,670-99-6317,NA,NA,NA,FCL084,FCL084,03-11-2017,25-09-2025,1,,14,,20824623,9000870,4,Reinvent Best-Of-Breed Functionalities,36152,7230
CUST085,OBL085,OBL085,Individual,West Jacobside,US,32704,551112,3,B-,NA,NA,NA,NA,FCL085,FCL085,04-06-2023,04-06-2028,7,,9,,39319265,26217870,5,Deliver Dot-Com E-Markets,44389,8877
CUST086,OBL086,OBL086,Individual,North Markmouth,US,39745,221310,3,AAA,NA,NA,NA,NA,FCL086,FCL086,22-04-2021,25-12-2029,12,,11,,31516200,21461801,4,Disintermediate E-Business E-Services,140615,28123
CUST087,OBL087,OBL087,Davis-Ingram,Benjaminburgh,US,92344,331210,2,A,466-03-4018,NYSE,WtY,340965,FCL087,FCL087,21-11-2023,25-03-2031,99,,11,,12575928,7626589,5,Redefine Viral Relationships,454399,90879
CUST088,OBL088,OBL088,Allen-Daugherty,Morenofort,US,26184,221119,2,BBB,069-48-6794,NYSE,BKk,267062,FCL088,FCL088,16-12-2019,05-07-2031,7,,9,,7646242,4914821,5,Incubate Leading-Edge Synergies,278418,55683
CUST089,OBL089,OBL089,Individual,North Richard,US,79639,221310,1,C,NA,NA,NA,NA,FCL089,FCL089,29-03-2015,22-02-2026,1,,9,,7340923,4966311,4,Seize Real-Time Mindshare,231092,46218
CUST090,OBL090,OBL090,Dudley LLC,Brownton,US,50299,488510,1,AAA,172-75-6458,NA,NA,NA,FCL090,FCL090,04-10-2017,17-12-2026,7,,14,,1140752,440167,4,Revolutionize Synergistic Markets,326320,65264
CUST091,OBL091,OBL091,Individual,North Karentown,US,72368,624120,1,BBB-,NA,NA,NA,NA,FCL091,FCL091,08-09-2021,01-09-2025,1,,7,,19207616,12723784,5,Architect Virtual Schemas,498537,99707
CUST092,OBL092,OBL092,Individual,Mendozashire,US,47578,331210,3,AA,NA,NA,NA,NA,FCL092,FCL092,28-11-2022,05-09-2032,7,,10,,44620159,24746137,4,Drive 24/365 Architectures,238629,47725
CUST093,OBL093,OBL093,Individual,Markside,US,35724,624120,1,BBB-,NA,NA,NA,NA,FCL093,FCL093,08-07-2015,25-11-2026,14,,9,,33502625,15862183,5,Generate Global Systems,427180,85436
CUST094,OBL094,OBL094,Pineda-Walsh,Lake Jasmine,US,25670,518210,2,BBB,880-38-4375,NYSE,Gou,312326,FCL094,FCL094,22-05-2021,14-05-2027,12,,25,,32318351,18936336,4,Visualize Out-Of-The-Box Supply-Chains,373418,74683
CUST095,OBL095,OBL095,Johnston-Alexander,New Jennatown,US,62813,722511,1,AAA,300-99-5483,LSE,yYx,379713,FCL095,FCL095,30-01-2022,08-12-2027,14,,9,,13585640,5129548,4,Disintermediate Compelling Partnerships,271461,54292
CUST096,OBL096,OBL096,Individual,New Monica,US,81492,518210,1,A,NA,NA,NA,NA,FCL096,FCL096,28-07-2021,21-11-2034,5,,10,,26019584,14722003,4,Leverage Sticky E-Tailers,97369,19473
CUST097,OBL097,OBL097,Individual,West Caleb,US,76467,221119,2,BB,NA,NA,NA,NA,FCL097,FCL097,06-08-2023,08-07-2029,12,,7,,14455591,7012064,3,Architect Mission-Critical Deliverables,231624,46324
CUST098,OBL098,OBL098,Garcia PLC,Loriside,US,91239,551112,1,BBB-,257-67-5284,NA,NA,NA,FCL098,FCL098,17-11-2016,20-04-2034,99,,10,,2478039,1610499,5,Transform Bleeding-Edge Applications,228767,45753
CUST099,OBL099,OBL099,"Kerr, Leonard and Taylor",East Seanburgh,US,81835,331210,3,D,363-16-8386,NA,NA,NA,FCL099,FCL099,08-11-2021,13-11-2027,5,,14,,40944271,13533826,3,Drive Open-Source Web Services,73917,14783
CUST100,OBL100,OBL100,Individual,Matthewland,US,85499,331210,2,A,NA,NA,NA,NA,FCL100,FCL100,13-09-2022,26-04-2025,12,,9,,9948115,4298469,4,Transform Proactive Partnerships,276295,55259
